{
    "$schema": "http://schema.management.azure.com/schemas/2015-01-01/deploymentTemplate.json#",
    "contentVersion": "1.0.0.0",
    "parameters": {
        "factoryName": {
            "type": "string",
            "metadata": "Data Factory name",
            "defaultValue": "team03datafactory"
        },
        "AzureBlobStorage1_connectionString": {
            "type": "secureString",
            "metadata": "Secure string for 'connectionString' of 'AzureBlobStorage1'"
        },
        "AzureDataLakeStorage1_accountKey": {
            "type": "secureString",
            "metadata": "Secure string for 'accountKey' of 'AzureDataLakeStorage1'"
        },
        "AzureDataLakeStorage2_accountKey": {
            "type": "secureString",
            "metadata": "Secure string for 'accountKey' of 'AzureDataLakeStorage2'"
        },
        "AzureSqlDatabase1_connectionString": {
            "type": "secureString",
            "metadata": "Secure string for 'connectionString' of 'AzureSqlDatabase1'"
        },
        "CosmosDbNoSql1_connectionString": {
            "type": "secureString",
            "metadata": "Secure string for 'connectionString' of 'CosmosDbNoSql1'"
        },
        "covidmetricsblob_connectionString": {
            "type": "secureString",
            "metadata": "Secure string for 'connectionString' of 'covidmetricsblob'"
        },
        "AzureDataLakeStorage1_properties_typeProperties_url": {
            "type": "string",
            "defaultValue": "https://team3coviddatastorage.dfs.core.windows.net/"
        },
        "AzureDataLakeStorage2_properties_typeProperties_url": {
            "type": "string",
            "defaultValue": "https://team3coviddatastorage.dfs.core.windows.net/"
        }
    },
    "variables": {
        "factoryId": "[concat('Microsoft.DataFactory/factories/', parameters('factoryName'))]"
    },
    "resources": [
        {
            "name": "[concat(parameters('factoryName'), '/AzureBlobStorage1')]",
            "type": "Microsoft.DataFactory/factories/linkedServices",
            "apiVersion": "2018-06-01",
            "properties": {
                "annotations": [],
                "type": "AzureBlobStorage",
                "typeProperties": {
                    "connectionString": "[parameters('AzureBlobStorage1_connectionString')]"
                }
            },
            "dependsOn": []
        },
        {
            "name": "[concat(parameters('factoryName'), '/AzureDataLakeStorage1')]",
            "type": "Microsoft.DataFactory/factories/linkedServices",
            "apiVersion": "2018-06-01",
            "properties": {
                "annotations": [],
                "type": "AzureBlobFS",
                "typeProperties": {
                    "url": "[parameters('AzureDataLakeStorage1_properties_typeProperties_url')]",
                    "accountKey": {
                        "type": "SecureString",
                        "value": "[parameters('AzureDataLakeStorage1_accountKey')]"
                    }
                }
            },
            "dependsOn": []
        },
        {
            "name": "[concat(parameters('factoryName'), '/AzureDataLakeStorage2')]",
            "type": "Microsoft.DataFactory/factories/linkedServices",
            "apiVersion": "2018-06-01",
            "properties": {
                "annotations": [],
                "type": "AzureBlobFS",
                "typeProperties": {
                    "url": "[parameters('AzureDataLakeStorage2_properties_typeProperties_url')]",
                    "accountKey": {
                        "type": "SecureString",
                        "value": "[parameters('AzureDataLakeStorage2_accountKey')]"
                    }
                }
            },
            "dependsOn": []
        },
        {
            "name": "[concat(parameters('factoryName'), '/AzureSqlDatabase1')]",
            "type": "Microsoft.DataFactory/factories/linkedServices",
            "apiVersion": "2018-06-01",
            "properties": {
                "annotations": [],
                "type": "AzureSqlDatabase",
                "typeProperties": {
                    "connectionString": "[parameters('AzureSqlDatabase1_connectionString')]"
                }
            },
            "dependsOn": []
        },
        {
            "name": "[concat(parameters('factoryName'), '/CosmosDbNoSql1')]",
            "type": "Microsoft.DataFactory/factories/linkedServices",
            "apiVersion": "2018-06-01",
            "properties": {
                "annotations": [],
                "type": "CosmosDb",
                "typeProperties": {
                    "connectionString": "[parameters('CosmosDbNoSql1_connectionString')]"
                }
            },
            "dependsOn": []
        },
        {
            "name": "[concat(parameters('factoryName'), '/FinalPresentation')]",
            "type": "Microsoft.DataFactory/factories/linkedServices",
            "apiVersion": "2018-06-01",
            "properties": {
                "annotations": [],
                "type": "PowerBIWorkspace",
                "typeProperties": {
                    "workspaceID": "FinalPresentation",
                    "tenantID": "d57d32cc-c121-488f-b07b-dfe705680c71"
                }
            },
            "dependsOn": []
        },
        {
            "name": "[concat(parameters('factoryName'), '/covidmetricsblob')]",
            "type": "Microsoft.DataFactory/factories/linkedServices",
            "apiVersion": "2018-06-01",
            "properties": {
                "annotations": [],
                "type": "AzureBlobStorage",
                "typeProperties": {
                    "connectionString": "[parameters('covidmetricsblob_connectionString')]"
                }
            },
            "dependsOn": []
        },
        {
            "name": "[concat(parameters('factoryName'), '/AutoResolveIntegrationRuntime')]",
            "type": "Microsoft.DataFactory/factories/integrationRuntimes",
            "apiVersion": "2018-06-01",
            "properties": {
                "type": "Managed",
                "typeProperties": {
                    "computeProperties": {
                        "location": "AutoResolve",
                        "dataFlowProperties": {
                            "computeType": "General",
                            "coreCount": 8,
                            "timeToLive": 0
                        }
                    }
                }
            },
            "dependsOn": []
        },
        {
            "name": "[concat(parameters('factoryName'), '/integrationRuntime1')]",
            "type": "Microsoft.DataFactory/factories/integrationRuntimes",
            "apiVersion": "2018-06-01",
            "properties": {
                "type": "SelfHosted",
                "typeProperties": {}
            },
            "dependsOn": []
        },
        {
            "name": "[concat(parameters('factoryName'), '/WorkspaceSystemIdentity')]",
            "type": "Microsoft.DataFactory/factories/credentials",
            "apiVersion": "2018-06-01",
            "properties": {
                "type": "ManagedIdentity",
                "typeProperties": {}
            },
            "dependsOn": []
        },
        {
            "name": "[concat(parameters('factoryName'), '/AzureSqlTable1_Country')]",
            "type": "Microsoft.DataFactory/factories/datasets",
            "apiVersion": "2018-06-01",
            "properties": {
                "linkedServiceName": {
                    "referenceName": "AzureSqlDatabase1",
                    "type": "LinkedServiceReference"
                },
                "annotations": [],
                "type": "AzureSqlTable",
                "schema": [
                    {
                        "name": "Country",
                        "type": "varchar"
                    },
                    {
                        "name": "CountryCode",
                        "type": "varchar"
                    },
                    {
                        "name": "Latitude",
                        "type": "decimal",
                        "precision": 10,
                        "scale": 5
                    },
                    {
                        "name": "Longitude",
                        "type": "decimal",
                        "precision": 10,
                        "scale": 5
                    }
                ],
                "typeProperties": {
                    "schema": "dbo",
                    "table": "Country"
                }
            },
            "dependsOn": [
                "[concat(variables('factoryId'), '/linkedServices/AzureSqlDatabase1')]"
            ]
        },
        {
            "name": "[concat(parameters('factoryName'), '/AzureSqlTable1_Dates')]",
            "type": "Microsoft.DataFactory/factories/datasets",
            "apiVersion": "2018-06-01",
            "properties": {
                "linkedServiceName": {
                    "referenceName": "AzureSqlDatabase1",
                    "type": "LinkedServiceReference"
                },
                "annotations": [],
                "type": "AzureSqlTable",
                "schema": [
                    {
                        "name": "DateKey",
                        "type": "int",
                        "precision": 10
                    },
                    {
                        "name": "FullDate",
                        "type": "date"
                    },
                    {
                        "name": "isWeekDay",
                        "type": "bit"
                    },
                    {
                        "name": "DayOfWeek",
                        "type": "int",
                        "precision": 10
                    },
                    {
                        "name": "DayOfMonth",
                        "type": "int",
                        "precision": 10
                    },
                    {
                        "name": "DayOfQuarter",
                        "type": "int",
                        "precision": 10
                    },
                    {
                        "name": "DayOfYear",
                        "type": "int",
                        "precision": 10
                    },
                    {
                        "name": "DayName",
                        "type": "varchar"
                    },
                    {
                        "name": "WeekOfYear",
                        "type": "int",
                        "precision": 10
                    },
                    {
                        "name": "WeekName",
                        "type": "varchar"
                    },
                    {
                        "name": "MonthOfYear",
                        "type": "int",
                        "precision": 10
                    },
                    {
                        "name": "MonthName",
                        "type": "varchar"
                    },
                    {
                        "name": "CalendarQuarter",
                        "type": "int",
                        "precision": 10
                    },
                    {
                        "name": "CalendarQuarterName",
                        "type": "varchar"
                    },
                    {
                        "name": "CalendarYear",
                        "type": "int",
                        "precision": 10
                    },
                    {
                        "name": "FiscalMonth",
                        "type": "int",
                        "precision": 10
                    },
                    {
                        "name": "FiscalMonthName",
                        "type": "varchar"
                    },
                    {
                        "name": "FiscalQuarter",
                        "type": "int",
                        "precision": 10
                    },
                    {
                        "name": "FiscalQuarterName",
                        "type": "varchar"
                    },
                    {
                        "name": "FiscalYear",
                        "type": "int",
                        "precision": 10
                    }
                ],
                "typeProperties": {
                    "schema": "dbo",
                    "table": "Dates"
                }
            },
            "dependsOn": [
                "[concat(variables('factoryId'), '/linkedServices/AzureSqlDatabase1')]"
            ]
        },
        {
            "name": "[concat(parameters('factoryName'), '/AzureSqlTable_Metrics')]",
            "type": "Microsoft.DataFactory/factories/datasets",
            "apiVersion": "2018-06-01",
            "properties": {
                "linkedServiceName": {
                    "referenceName": "AzureSqlDatabase1",
                    "type": "LinkedServiceReference"
                },
                "annotations": [],
                "type": "AzureSqlTable",
                "schema": [
                    {
                        "name": "ID",
                        "type": "int",
                        "precision": 10
                    },
                    {
                        "name": "Updated",
                        "type": "date"
                    },
                    {
                        "name": "Confirmed",
                        "type": "int",
                        "precision": 10
                    },
                    {
                        "name": "Confirmed_Change",
                        "type": "int",
                        "precision": 10
                    },
                    {
                        "name": "Deaths",
                        "type": "int",
                        "precision": 10
                    },
                    {
                        "name": "Deaths_Change",
                        "type": "int",
                        "precision": 10
                    },
                    {
                        "name": "Recovered",
                        "type": "int",
                        "precision": 10
                    },
                    {
                        "name": "Recovered_Change",
                        "type": "int",
                        "precision": 10
                    },
                    {
                        "name": "Latitude",
                        "type": "decimal",
                        "precision": 10,
                        "scale": 5
                    },
                    {
                        "name": "Longitude",
                        "type": "decimal",
                        "precision": 10,
                        "scale": 5
                    },
                    {
                        "name": "ISO2",
                        "type": "varchar"
                    },
                    {
                        "name": "ISO3",
                        "type": "varchar"
                    },
                    {
                        "name": "Country_Region",
                        "type": "varchar"
                    },
                    {
                        "name": "load_time",
                        "type": "datetime",
                        "precision": 23,
                        "scale": 3
                    }
                ],
                "typeProperties": {
                    "schema": "dbo",
                    "table": "Covid19_Metrics"
                }
            },
            "dependsOn": [
                "[concat(variables('factoryId'), '/linkedServices/AzureSqlDatabase1')]"
            ]
        },
        {
            "name": "[concat(parameters('factoryName'), '/Challenge2PolicySink')]",
            "type": "Microsoft.DataFactory/factories/datasets",
            "apiVersion": "2018-06-01",
            "properties": {
                "linkedServiceName": {
                    "referenceName": "AzureDataLakeStorage1",
                    "type": "LinkedServiceReference"
                },
                "annotations": [],
                "type": "Parquet",
                "typeProperties": {
                    "location": {
                        "type": "AzureBlobFSLocation",
                        "fileName": "challenge2policies.parquet",
                        "fileSystem": "challenge2"
                    },
                    "compressionCodec": "snappy"
                },
                "schema": []
            },
            "dependsOn": [
                "[concat(variables('factoryId'), '/linkedServices/AzureDataLakeStorage1')]"
            ]
        },
        {
            "name": "[concat(parameters('factoryName'), '/CosmosDbNoSqlContainer1')]",
            "type": "Microsoft.DataFactory/factories/datasets",
            "apiVersion": "2018-06-01",
            "properties": {
                "linkedServiceName": {
                    "referenceName": "CosmosDbNoSql1",
                    "type": "LinkedServiceReference"
                },
                "annotations": [],
                "type": "CosmosDbSqlApiCollection",
                "schema": {
                    "type": "object",
                    "properties": {
                        "CountryName": {
                            "type": "string"
                        },
                        "CountryCode": {
                            "type": "string"
                        },
                        "RegionName": {
                            "type": "null"
                        },
                        "RegionCode": {
                            "type": "null"
                        },
                        "Jurisdiction": {
                            "type": "string"
                        },
                        "Date": {
                            "type": "string"
                        },
                        "C1_School closing": {
                            "type": "integer"
                        },
                        "C1_Flag": {
                            "type": "integer"
                        },
                        "C2_Workplace closing": {
                            "type": "integer"
                        },
                        "C2_Flag": {
                            "type": "integer"
                        },
                        "C3_Cancel public events": {
                            "type": "integer"
                        },
                        "C3_Flag": {
                            "type": "integer"
                        },
                        "C4_Restrictions on gatherings": {
                            "type": "integer"
                        },
                        "C4_Flag": {
                            "type": "integer"
                        },
                        "C5_Close public transport": {
                            "type": "integer"
                        },
                        "C5_Flag": {
                            "type": "integer"
                        },
                        "C6_Stay at home requirements": {
                            "type": "integer"
                        },
                        "C6_Flag": {
                            "type": "integer"
                        },
                        "C7_Restrictions on internal movement": {
                            "type": "integer"
                        },
                        "C7_Flag": {
                            "type": "integer"
                        },
                        "C8_International travel controls": {
                            "type": "integer"
                        },
                        "E1_Income support": {
                            "type": "integer"
                        },
                        "E1_Flag": {
                            "type": "integer"
                        },
                        "E2_Debt contract relief": {
                            "type": "integer"
                        },
                        "E3_Fiscal measures": {
                            "type": "integer"
                        },
                        "E4_International support": {
                            "type": "integer"
                        },
                        "H1_Public information campaigns": {
                            "type": "integer"
                        },
                        "H1_Flag": {
                            "type": "integer"
                        },
                        "H2_Testing policy": {
                            "type": "integer"
                        },
                        "H3_Contact tracing": {
                            "type": "integer"
                        },
                        "H4_Emergency investment in healthcare": {
                            "type": "integer"
                        },
                        "H5_Investment in vaccines": {
                            "type": "integer"
                        },
                        "H6_Facial Coverings": {
                            "type": "integer"
                        },
                        "H6_Flag": {
                            "type": "integer"
                        },
                        "H7_Vaccination policy": {
                            "type": "integer"
                        },
                        "H7_Flag": {
                            "type": "integer"
                        },
                        "H8_Protection of elderly people": {
                            "type": "integer"
                        },
                        "H8_Flag": {
                            "type": "integer"
                        },
                        "M1_Wildcard": {
                            "type": "integer"
                        },
                        "StringencyIndex": {
                            "type": "integer"
                        },
                        "StringencyIndexForDisplay": {
                            "type": "integer"
                        },
                        "StringencyLegacyIndex": {
                            "type": "integer"
                        },
                        "StringencyLegacyIndexForDisplay": {
                            "type": "integer"
                        },
                        "GovernmentResponseIndex": {
                            "type": "integer"
                        },
                        "GovernmentResponseIndexForDisplay": {
                            "type": "integer"
                        },
                        "ContainmentHealthIndex": {
                            "type": "integer"
                        },
                        "ContainmentHealthIndexForDisplay": {
                            "type": "integer"
                        },
                        "EconomicSupportIndex": {
                            "type": "integer"
                        },
                        "EconomicSupportIndexForDisplay": {
                            "type": "integer"
                        }
                    }
                },
                "typeProperties": {
                    "collectionName": "covidpolicy"
                }
            },
            "dependsOn": [
                "[concat(variables('factoryId'), '/linkedServices/CosmosDbNoSql1')]"
            ]
        },
        {
            "name": "[concat(parameters('factoryName'), '/CountryVM')]",
            "type": "Microsoft.DataFactory/factories/datasets",
            "apiVersion": "2018-06-01",
            "properties": {
                "linkedServiceName": {
                    "referenceName": "AzureDataLakeStorage2",
                    "type": "LinkedServiceReference"
                },
                "annotations": [],
                "type": "Parquet",
                "typeProperties": {
                    "location": {
                        "type": "AzureBlobFSLocation",
                        "fileName": "countryvm.parquet",
                        "fileSystem": "azurevmcontainer"
                    },
                    "compressionCodec": "snappy"
                },
                "schema": []
            },
            "dependsOn": [
                "[concat(variables('factoryId'), '/linkedServices/AzureDataLakeStorage2')]"
            ]
        },
        {
            "name": "[concat(parameters('factoryName'), '/DelimitedText1')]",
            "type": "Microsoft.DataFactory/factories/datasets",
            "apiVersion": "2018-06-01",
            "properties": {
                "linkedServiceName": {
                    "referenceName": "AzureDataLakeStorage1",
                    "type": "LinkedServiceReference"
                },
                "annotations": [],
                "type": "DelimitedText",
                "typeProperties": {
                    "location": {
                        "type": "AzureBlobFSLocation",
                        "fileName": "DS310 CountryData - Sheet1 (2).csv",
                        "fileSystem": "cosmosdbcontainer"
                    },
                    "columnDelimiter": ",",
                    "escapeChar": "\\",
                    "firstRowAsHeader": true,
                    "quoteChar": "\""
                },
                "schema": [
                    {
                        "name": "Country",
                        "type": "String"
                    },
                    {
                        "name": "Population",
                        "type": "String"
                    },
                    {
                        "name": "NumBorders",
                        "type": "String"
                    },
                    {
                        "name": "GDP(USD)",
                        "type": "String"
                    }
                ]
            },
            "dependsOn": [
                "[concat(variables('factoryId'), '/linkedServices/AzureDataLakeStorage1')]"
            ]
        },
        {
            "name": "[concat(parameters('factoryName'), '/Parquet1')]",
            "type": "Microsoft.DataFactory/factories/datasets",
            "apiVersion": "2018-06-01",
            "properties": {
                "linkedServiceName": {
                    "referenceName": "AzureDataLakeStorage1",
                    "type": "LinkedServiceReference"
                },
                "annotations": [],
                "type": "Parquet",
                "typeProperties": {
                    "location": {
                        "type": "AzureBlobFSLocation",
                        "fileName": "countrystats.parquet",
                        "fileSystem": "challenge2"
                    },
                    "compressionCodec": "snappy"
                },
                "schema": []
            },
            "dependsOn": [
                "[concat(variables('factoryId'), '/linkedServices/AzureDataLakeStorage1')]"
            ]
        },
        {
            "name": "[concat(parameters('factoryName'), '/Parquet2_Cosmos')]",
            "type": "Microsoft.DataFactory/factories/datasets",
            "apiVersion": "2018-06-01",
            "properties": {
                "linkedServiceName": {
                    "referenceName": "AzureDataLakeStorage1",
                    "type": "LinkedServiceReference"
                },
                "annotations": [],
                "type": "Parquet",
                "typeProperties": {
                    "location": {
                        "type": "AzureBlobFSLocation",
                        "fileName": "cosmos_policy.parquet",
                        "fileSystem": "cosmosdbcontainer"
                    },
                    "compressionCodec": "snappy"
                },
                "schema": []
            },
            "dependsOn": [
                "[concat(variables('factoryId'), '/linkedServices/AzureDataLakeStorage1')]"
            ]
        },
        {
            "name": "[concat(parameters('factoryName'), '/Parquet2_SQL_Country')]",
            "type": "Microsoft.DataFactory/factories/datasets",
            "apiVersion": "2018-06-01",
            "properties": {
                "linkedServiceName": {
                    "referenceName": "AzureDataLakeStorage1",
                    "type": "LinkedServiceReference"
                },
                "annotations": [],
                "type": "Parquet",
                "typeProperties": {
                    "location": {
                        "type": "AzureBlobFSLocation",
                        "fileName": "sqldb_country.parquet",
                        "fileSystem": "azuresqlcontainer"
                    },
                    "compressionCodec": "snappy"
                },
                "schema": []
            },
            "dependsOn": [
                "[concat(variables('factoryId'), '/linkedServices/AzureDataLakeStorage1')]"
            ]
        }
    ]
}