{
    "$schema": "http://schema.management.azure.com/schemas/2015-01-01/deploymentTemplate.json#",
    "contentVersion": "1.0.0.0",
    "parameters": {
        "factoryName": {
            "type": "string",
            "metadata": "Data Factory name",
            "defaultValue": "team03datafactory"
        },
        "SqlServer1_connectionString": {
            "type": "secureString",
            "metadata": "Secure string for 'connectionString' of 'SqlServer1'"
        },
        "covid19-synapse-3imruebamuu7q-WorkspaceDefaultSqlServer_connectionString": {
            "type": "secureString",
            "metadata": "Secure string for 'connectionString' of 'covid19-synapse-3imruebamuu7q-WorkspaceDefaultSqlServer'",
            "defaultValue": "Integrated Security=False;Encrypt=True;Connection Timeout=30;Data Source=tcp:covid19-synapse-3imruebamuu7q.sql.azuresynapse.net,1433;Initial Catalog=@{linkedService().DBName}"
        },
        "team03covidmetrics_accountKey": {
            "type": "secureString",
            "metadata": "Secure string for 'accountKey' of 'team03covidmetrics'"
        },
        "covid19-synapse-3imruebamuu7q-WorkspaceDefaultStorage_properties_typeProperties_url": {
            "type": "string",
            "defaultValue": "https://covid193imruebamuu7q.dfs.core.windows.net"
        },
        "team03covidmetrics_properties_typeProperties_url": {
            "type": "string",
            "defaultValue": "https://team3coviddatastorage.dfs.core.windows.net/"
        }
    },
    "variables": {
        "factoryId": "[concat('Microsoft.DataFactory/factories/', parameters('factoryName'))]"
    },
    "resources": [
        {
            "name": "[concat(parameters('factoryName'), '/Parquet2_SQL_Dates')]",
            "type": "Microsoft.DataFactory/factories/datasets",
            "apiVersion": "2018-06-01",
            "properties": {
                "linkedServiceName": {
                    "referenceName": "AzureDataLakeStorage1",
                    "type": "LinkedServiceReference"
                },
                "annotations": [],
                "type": "Parquet",
                "typeProperties": {
                    "location": {
                        "type": "AzureBlobFSLocation",
                        "fileName": "sqldb_dates.parquet",
                        "fileSystem": "azuresqlcontainer"
                    },
                    "compressionCodec": "snappy"
                },
                "schema": []
            },
            "dependsOn": []
        },
        {
            "name": "[concat(parameters('factoryName'), '/Parquet2_SQL_Metrics')]",
            "type": "Microsoft.DataFactory/factories/datasets",
            "apiVersion": "2018-06-01",
            "properties": {
                "linkedServiceName": {
                    "referenceName": "AzureDataLakeStorage1",
                    "type": "LinkedServiceReference"
                },
                "annotations": [],
                "type": "Parquet",
                "typeProperties": {
                    "location": {
                        "type": "AzureBlobFSLocation",
                        "fileName": "sqldb_metrics.parquet",
                        "fileSystem": "azuresqlcontainer"
                    },
                    "compressionCodec": "snappy"
                },
                "schema": []
            },
            "dependsOn": []
        },
        {
            "name": "[concat(parameters('factoryName'), '/VMDatesService')]",
            "type": "Microsoft.DataFactory/factories/datasets",
            "apiVersion": "2018-06-01",
            "properties": {
                "linkedServiceName": {
                    "referenceName": "AzureDataLakeStorage1",
                    "type": "LinkedServiceReference"
                },
                "annotations": [],
                "type": "Parquet",
                "typeProperties": {
                    "location": {
                        "type": "AzureBlobFSLocation",
                        "fileName": "datesvm.parquet",
                        "fileSystem": "azurevmcontainer"
                    },
                    "compressionCodec": "snappy"
                },
                "schema": []
            },
            "dependsOn": []
        },
        {
            "name": "[concat(parameters('factoryName'), '/challenge2cases')]",
            "type": "Microsoft.DataFactory/factories/datasets",
            "apiVersion": "2018-06-01",
            "properties": {
                "linkedServiceName": {
                    "referenceName": "AzureDataLakeStorage1",
                    "type": "LinkedServiceReference"
                },
                "annotations": [],
                "type": "Parquet",
                "typeProperties": {
                    "location": {
                        "type": "AzureBlobFSLocation",
                        "fileName": "challenge2cases.parquet",
                        "fileSystem": "challenge2"
                    },
                    "compressionCodec": "snappy"
                },
                "schema": []
            },
            "dependsOn": []
        },
        {
            "name": "[concat(parameters('factoryName'), '/challenge2dates')]",
            "type": "Microsoft.DataFactory/factories/datasets",
            "apiVersion": "2018-06-01",
            "properties": {
                "linkedServiceName": {
                    "referenceName": "AzureDataLakeStorage1",
                    "type": "LinkedServiceReference"
                },
                "annotations": [],
                "type": "Parquet",
                "typeProperties": {
                    "location": {
                        "type": "AzureBlobFSLocation",
                        "fileName": "challenge2dates.parquet",
                        "fileSystem": "challenge2"
                    },
                    "compressionCodec": "snappy"
                },
                "schema": []
            },
            "dependsOn": []
        },
        {
            "name": "[concat(parameters('factoryName'), '/challenge2deaths')]",
            "type": "Microsoft.DataFactory/factories/datasets",
            "apiVersion": "2018-06-01",
            "properties": {
                "linkedServiceName": {
                    "referenceName": "AzureDataLakeStorage1",
                    "type": "LinkedServiceReference"
                },
                "annotations": [],
                "type": "Parquet",
                "typeProperties": {
                    "location": {
                        "type": "AzureBlobFSLocation",
                        "fileName": "challenge2deaths.parquet",
                        "fileSystem": "challenge2"
                    },
                    "compressionCodec": "snappy"
                },
                "schema": []
            },
            "dependsOn": []
        },
        {
            "name": "[concat(parameters('factoryName'), '/challenge2geogarphy')]",
            "type": "Microsoft.DataFactory/factories/datasets",
            "apiVersion": "2018-06-01",
            "properties": {
                "linkedServiceName": {
                    "referenceName": "AzureDataLakeStorage1",
                    "type": "LinkedServiceReference"
                },
                "annotations": [],
                "type": "Parquet",
                "typeProperties": {
                    "location": {
                        "type": "AzureBlobFSLocation",
                        "fileName": "challenge2geo.parquet",
                        "fileSystem": "challenge2"
                    },
                    "compressionCodec": "snappy"
                },
                "schema": []
            },
            "dependsOn": []
        },
        {
            "name": "[concat(parameters('factoryName'), '/challenge2recoveries')]",
            "type": "Microsoft.DataFactory/factories/datasets",
            "apiVersion": "2018-06-01",
            "properties": {
                "linkedServiceName": {
                    "referenceName": "AzureDataLakeStorage1",
                    "type": "LinkedServiceReference"
                },
                "annotations": [],
                "type": "Parquet",
                "typeProperties": {
                    "location": {
                        "type": "AzureBlobFSLocation",
                        "fileName": "challenge2recoveries.parquet",
                        "fileSystem": "challenge2"
                    },
                    "compressionCodec": "snappy"
                },
                "schema": []
            },
            "dependsOn": []
        },
        {
            "name": "[concat(parameters('factoryName'), '/metricVM')]",
            "type": "Microsoft.DataFactory/factories/datasets",
            "apiVersion": "2018-06-01",
            "properties": {
                "linkedServiceName": {
                    "referenceName": "AzureDataLakeStorage2",
                    "type": "LinkedServiceReference"
                },
                "annotations": [],
                "type": "Parquet",
                "typeProperties": {
                    "location": {
                        "type": "AzureBlobFSLocation",
                        "fileName": "metric.parquet",
                        "fileSystem": "azurevmcontainer"
                    },
                    "compressionCodec": "snappy"
                },
                "schema": []
            },
            "dependsOn": []
        },
        {
            "name": "[concat(parameters('factoryName'), '/SqlServer1')]",
            "type": "Microsoft.DataFactory/factories/linkedServices",
            "apiVersion": "2018-06-01",
            "properties": {
                "annotations": [],
                "type": "SqlServer",
                "typeProperties": {
                    "connectionString": "[parameters('SqlServer1_connectionString')]"
                },
                "connectVia": {
                    "referenceName": "integrationRuntime1",
                    "type": "IntegrationRuntimeReference"
                }
            },
            "dependsOn": []
        },
        {
            "name": "[concat(parameters('factoryName'), '/covid19-synapse-3imruebamuu7q-WorkspaceDefaultSqlServer')]",
            "type": "Microsoft.DataFactory/factories/linkedServices",
            "apiVersion": "2018-06-01",
            "properties": {
                "parameters": {
                    "DBName": {
                        "type": "String"
                    }
                },
                "annotations": [],
                "type": "AzureSqlDW",
                "typeProperties": {
                    "connectionString": "[parameters('covid19-synapse-3imruebamuu7q-WorkspaceDefaultSqlServer_connectionString')]"
                },
                "connectVia": {
                    "referenceName": "AutoResolveIntegrationRuntime",
                    "type": "IntegrationRuntimeReference"
                }
            },
            "dependsOn": []
        },
        {
            "name": "[concat(parameters('factoryName'), '/covid19-synapse-3imruebamuu7q-WorkspaceDefaultStorage')]",
            "type": "Microsoft.DataFactory/factories/linkedServices",
            "apiVersion": "2018-06-01",
            "properties": {
                "annotations": [],
                "type": "AzureBlobFS",
                "typeProperties": {
                    "url": "[parameters('covid19-synapse-3imruebamuu7q-WorkspaceDefaultStorage_properties_typeProperties_url')]"
                },
                "connectVia": {
                    "referenceName": "AutoResolveIntegrationRuntime",
                    "type": "IntegrationRuntimeReference"
                }
            },
            "dependsOn": []
        },
        {
            "name": "[concat(parameters('factoryName'), '/team03covidmetrics')]",
            "type": "Microsoft.DataFactory/factories/linkedServices",
            "apiVersion": "2018-06-01",
            "properties": {
                "annotations": [],
                "type": "AzureBlobFS",
                "typeProperties": {
                    "url": "[parameters('team03covidmetrics_properties_typeProperties_url')]",
                    "accountKey": {
                        "type": "SecureString",
                        "value": "[parameters('team03covidmetrics_accountKey')]"
                    }
                },
                "connectVia": {
                    "referenceName": "AutoResolveIntegrationRuntime",
                    "type": "IntegrationRuntimeReference"
                }
            },
            "dependsOn": []
        },
        {
            "name": "[concat(parameters('factoryName'), '/pipeline1')]",
            "type": "Microsoft.DataFactory/factories/pipelines",
            "apiVersion": "2018-06-01",
            "properties": {
                "activities": [
                    {
                        "name": "Copy data1",
                        "type": "Copy",
                        "dependsOn": [],
                        "policy": {
                            "timeout": "0.12:00:00",
                            "retry": 0,
                            "retryIntervalInSeconds": 30,
                            "secureOutput": false,
                            "secureInput": false
                        },
                        "userProperties": [],
                        "typeProperties": {
                            "source": {
                                "type": "DelimitedTextSource",
                                "storeSettings": {
                                    "type": "AzureBlobFSReadSettings",
                                    "recursive": true,
                                    "enablePartitionDiscovery": false
                                },
                                "formatSettings": {
                                    "type": "DelimitedTextReadSettings"
                                }
                            },
                            "sink": {
                                "type": "ParquetSink",
                                "storeSettings": {
                                    "type": "AzureBlobFSWriteSettings",
                                    "copyBehavior": "MergeFiles"
                                },
                                "formatSettings": {
                                    "type": "ParquetWriteSettings"
                                }
                            },
                            "enableStaging": false,
                            "translator": {
                                "type": "TabularTranslator",
                                "typeConversion": true,
                                "typeConversionSettings": {
                                    "allowDataTruncation": true,
                                    "treatBooleanAsNumber": false
                                }
                            }
                        },
                        "inputs": [
                            {
                                "referenceName": "DelimitedText1",
                                "type": "DatasetReference",
                                "parameters": {}
                            }
                        ],
                        "outputs": [
                            {
                                "referenceName": "Parquet1",
                                "type": "DatasetReference",
                                "parameters": {}
                            }
                        ]
                    }
                ],
                "policy": {
                    "elapsedTimeMetric": {}
                },
                "annotations": [],
                "lastPublishTime": "2023-12-14T00:35:33Z"
            },
            "dependsOn": []
        },
        {
            "name": "[concat(parameters('factoryName'), '/pipeline_for_cosmos')]",
            "type": "Microsoft.DataFactory/factories/pipelines",
            "apiVersion": "2018-06-01",
            "properties": {
                "activities": [
                    {
                        "name": "Copy data1",
                        "type": "Copy",
                        "dependsOn": [],
                        "policy": {
                            "timeout": "0.12:00:00",
                            "retry": 0,
                            "retryIntervalInSeconds": 30,
                            "secureOutput": false,
                            "secureInput": false
                        },
                        "userProperties": [],
                        "typeProperties": {
                            "source": {
                                "type": "CosmosDbSqlApiSource",
                                "preferredRegions": [],
                                "detectDatetime": false
                            },
                            "sink": {
                                "type": "ParquetSink",
                                "storeSettings": {
                                    "type": "AzureBlobFSWriteSettings"
                                },
                                "formatSettings": {
                                    "type": "ParquetWriteSettings"
                                }
                            },
                            "enableStaging": false,
                            "translator": {
                                "type": "TabularTranslator",
                                "mappings": [
                                    {
                                        "source": {
                                            "path": "$['CountryName']"
                                        },
                                        "sink": {
                                            "name": "CountryName",
                                            "type": "String"
                                        }
                                    },
                                    {
                                        "source": {
                                            "path": "$['CountryCode']"
                                        },
                                        "sink": {
                                            "name": "CountryCode",
                                            "type": "String"
                                        }
                                    },
                                    {
                                        "source": {
                                            "path": "$['RegionName']"
                                        },
                                        "sink": {
                                            "name": "RegionName",
                                            "type": "String"
                                        }
                                    },
                                    {
                                        "source": {
                                            "path": "$['RegionCode']"
                                        },
                                        "sink": {
                                            "name": "RegionCode",
                                            "type": "String"
                                        }
                                    },
                                    {
                                        "source": {
                                            "path": "$['Jurisdiction']"
                                        },
                                        "sink": {
                                            "name": "Jurisdiction",
                                            "type": "String"
                                        }
                                    },
                                    {
                                        "source": {
                                            "path": "$['Date']"
                                        },
                                        "sink": {
                                            "name": "Date",
                                            "type": "String"
                                        }
                                    },
                                    {
                                        "source": {
                                            "path": "$['C1_School closing']"
                                        },
                                        "sink": {
                                            "name": "C1_School_closing",
                                            "type": "Double"
                                        }
                                    },
                                    {
                                        "source": {
                                            "path": "$['C1_Flag']"
                                        },
                                        "sink": {
                                            "name": "C1_Flag",
                                            "type": "Boolean"
                                        }
                                    },
                                    {
                                        "source": {
                                            "path": "$['C2_Workplace closing']"
                                        },
                                        "sink": {
                                            "name": "C2_Workplace_closing",
                                            "type": "Double"
                                        }
                                    },
                                    {
                                        "source": {
                                            "path": "$['C2_Flag']"
                                        },
                                        "sink": {
                                            "name": "C2_Flag",
                                            "type": "Boolean"
                                        }
                                    },
                                    {
                                        "source": {
                                            "path": "$['C3_Cancel public events']"
                                        },
                                        "sink": {
                                            "name": "C3_Cancel_public_events",
                                            "type": "Double"
                                        }
                                    },
                                    {
                                        "source": {
                                            "path": "$['C3_Flag']"
                                        },
                                        "sink": {
                                            "name": "C3_Flag",
                                            "type": "Boolean"
                                        }
                                    },
                                    {
                                        "source": {
                                            "path": "$['C4_Restrictions on gatherings']"
                                        },
                                        "sink": {
                                            "name": "C4_Restrictions_on_gatherings",
                                            "type": "Double"
                                        }
                                    },
                                    {
                                        "source": {
                                            "path": "$['C4_Flag']"
                                        },
                                        "sink": {
                                            "name": "C4_Flag",
                                            "type": "Boolean"
                                        }
                                    },
                                    {
                                        "source": {
                                            "path": "$['C5_Close public transport']"
                                        },
                                        "sink": {
                                            "name": "C5_Close_public_transport",
                                            "type": "Double"
                                        }
                                    },
                                    {
                                        "source": {
                                            "path": "$['C5_Flag']"
                                        },
                                        "sink": {
                                            "name": "C5_Flag",
                                            "type": "Boolean"
                                        }
                                    },
                                    {
                                        "source": {
                                            "path": "$['C6_Stay at home requirements']"
                                        },
                                        "sink": {
                                            "name": "C6_Stay_at_home_requirements",
                                            "type": "Double"
                                        }
                                    },
                                    {
                                        "source": {
                                            "path": "$['C6_Flag']"
                                        },
                                        "sink": {
                                            "name": "C6_Flag",
                                            "type": "Boolean"
                                        }
                                    },
                                    {
                                        "source": {
                                            "path": "$['C7_Restrictions on internal movement']"
                                        },
                                        "sink": {
                                            "name": "C7_Restrictions_on_internal_movement",
                                            "type": "Double"
                                        }
                                    },
                                    {
                                        "source": {
                                            "path": "$['C7_Flag']"
                                        },
                                        "sink": {
                                            "name": "C7_Flag",
                                            "type": "Boolean"
                                        }
                                    },
                                    {
                                        "source": {
                                            "path": "$['C8_International travel controls']"
                                        },
                                        "sink": {
                                            "name": "C8_International_travel_controls",
                                            "type": "Double"
                                        }
                                    },
                                    {
                                        "source": {
                                            "path": "$['E1_Income support']"
                                        },
                                        "sink": {
                                            "name": "E1_Income_support",
                                            "type": "Double"
                                        }
                                    },
                                    {
                                        "source": {
                                            "path": "$['E1_Flag']"
                                        },
                                        "sink": {
                                            "name": "E1_Flag",
                                            "type": "Boolean"
                                        }
                                    },
                                    {
                                        "source": {
                                            "path": "$['E2_Debt contract relief']"
                                        },
                                        "sink": {
                                            "name": "E2_Debt_contract_relief",
                                            "type": "Double"
                                        }
                                    },
                                    {
                                        "source": {
                                            "path": "$['E3_Fiscal measures']"
                                        },
                                        "sink": {
                                            "name": "E3_Fiscal_measures",
                                            "type": "Double"
                                        }
                                    },
                                    {
                                        "source": {
                                            "path": "$['E4_International support']"
                                        },
                                        "sink": {
                                            "name": "E4_International_support",
                                            "type": "Double"
                                        }
                                    },
                                    {
                                        "source": {
                                            "path": "$['H1_Public information campaigns']"
                                        },
                                        "sink": {
                                            "name": "H1_Public_information_campaigns",
                                            "type": "Double"
                                        }
                                    },
                                    {
                                        "source": {
                                            "path": "$['H1_Flag']"
                                        },
                                        "sink": {
                                            "name": "H1_Flag",
                                            "type": "Boolean"
                                        }
                                    },
                                    {
                                        "source": {
                                            "path": "$['H2_Testing policy']"
                                        },
                                        "sink": {
                                            "name": "H2_Testing_policy",
                                            "type": "Double"
                                        }
                                    },
                                    {
                                        "source": {
                                            "path": "$['H3_Contact tracing']"
                                        },
                                        "sink": {
                                            "name": "H3_Contact_tracing",
                                            "type": "Double"
                                        }
                                    },
                                    {
                                        "source": {
                                            "path": "$['H4_Emergency investment in healthcare']"
                                        },
                                        "sink": {
                                            "name": "H4_Emergency_investment_in_healthcare",
                                            "type": "Double"
                                        }
                                    },
                                    {
                                        "source": {
                                            "path": "$['H5_Investment in vaccines']"
                                        },
                                        "sink": {
                                            "name": "H5_Investment_in_vaccines",
                                            "type": "Double"
                                        }
                                    },
                                    {
                                        "source": {
                                            "path": "$['H6_Facial Coverings']"
                                        },
                                        "sink": {
                                            "name": "H6_Facial_Coverings",
                                            "type": "Double"
                                        }
                                    },
                                    {
                                        "source": {
                                            "path": "$['H6_Flag']"
                                        },
                                        "sink": {
                                            "name": "H6_Flag",
                                            "type": "Boolean"
                                        }
                                    },
                                    {
                                        "source": {
                                            "path": "$['H7_Vaccination policy']"
                                        },
                                        "sink": {
                                            "name": "H7_Vaccination_policy",
                                            "type": "Double"
                                        }
                                    },
                                    {
                                        "source": {
                                            "path": "$['H7_Flag']"
                                        },
                                        "sink": {
                                            "name": "H7_Flag",
                                            "type": "Boolean"
                                        }
                                    },
                                    {
                                        "source": {
                                            "path": "$['H8_Protection of elderly people']"
                                        },
                                        "sink": {
                                            "name": "H8_Protection_of_elderly_people",
                                            "type": "Double"
                                        }
                                    },
                                    {
                                        "source": {
                                            "path": "$['H8_Flag']"
                                        },
                                        "sink": {
                                            "name": "H8_Flag",
                                            "type": "Boolean"
                                        }
                                    },
                                    {
                                        "source": {
                                            "path": "$['M1_Wildcard']"
                                        },
                                        "sink": {
                                            "name": "M1_Wildcard",
                                            "type": "Double"
                                        }
                                    },
                                    {
                                        "source": {
                                            "path": "$['StringencyIndex']"
                                        },
                                        "sink": {
                                            "name": "StringencyIndex",
                                            "type": "Double"
                                        }
                                    },
                                    {
                                        "source": {
                                            "path": "$['StringencyIndexForDisplay']"
                                        },
                                        "sink": {
                                            "name": "StringencyIndexForDisplay",
                                            "type": "Double"
                                        }
                                    },
                                    {
                                        "source": {
                                            "path": "$['StringencyLegacyIndex']"
                                        },
                                        "sink": {
                                            "name": "StringencyLegacyIndex",
                                            "type": "Double"
                                        }
                                    },
                                    {
                                        "source": {
                                            "path": "$['StringencyLegacyIndexForDisplay']"
                                        },
                                        "sink": {
                                            "name": "StringencyLegacyIndexForDisplay",
                                            "type": "Double"
                                        }
                                    },
                                    {
                                        "source": {
                                            "path": "$['GovernmentResponseIndex']"
                                        },
                                        "sink": {
                                            "name": "GovernmentResponseIndex",
                                            "type": "Double"
                                        }
                                    },
                                    {
                                        "source": {
                                            "path": "$['GovernmentResponseIndexForDisplay']"
                                        },
                                        "sink": {
                                            "name": "GovernmentResponseIndexForDisplay",
                                            "type": "Double"
                                        }
                                    },
                                    {
                                        "source": {
                                            "path": "$['ContainmentHealthIndex']"
                                        },
                                        "sink": {
                                            "name": "ContainmentHealthIndex",
                                            "type": "Double"
                                        }
                                    },
                                    {
                                        "source": {
                                            "path": "$['ContainmentHealthIndexForDisplay']"
                                        },
                                        "sink": {
                                            "name": "ContainmentHealthIndexForDisplay",
                                            "type": "Double"
                                        }
                                    },
                                    {
                                        "source": {
                                            "path": "$['EconomicSupportIndex']"
                                        },
                                        "sink": {
                                            "name": "EconomicSupportIndex",
                                            "type": "Double"
                                        }
                                    },
                                    {
                                        "source": {
                                            "path": "$['EconomicSupportIndexForDisplay']"
                                        },
                                        "sink": {
                                            "name": "EconomicSupportIndexForDisplay",
                                            "type": "Double"
                                        }
                                    },
                                    {
                                        "source": {
                                            "path": "$['id']"
                                        },
                                        "sink": {
                                            "name": "id",
                                            "type": "String"
                                        }
                                    },
                                    {
                                        "source": {
                                            "path": "$['_rid']"
                                        },
                                        "sink": {
                                            "name": "rid",
                                            "type": "String"
                                        }
                                    },
                                    {
                                        "source": {
                                            "path": "$['_self']"
                                        },
                                        "sink": {
                                            "name": "self",
                                            "type": "String"
                                        }
                                    },
                                    {
                                        "source": {
                                            "path": "$['_etag']"
                                        },
                                        "sink": {
                                            "name": "etag",
                                            "type": "String"
                                        }
                                    },
                                    {
                                        "source": {
                                            "path": "$['_attachments']"
                                        },
                                        "sink": {
                                            "name": "attachments",
                                            "type": "String"
                                        }
                                    },
                                    {
                                        "source": {
                                            "path": "$['_ts']"
                                        },
                                        "sink": {
                                            "name": "ts",
                                            "type": "Int64"
                                        }
                                    }
                                ]
                            }
                        },
                        "inputs": [
                            {
                                "referenceName": "CosmosDbNoSqlContainer1",
                                "type": "DatasetReference",
                                "parameters": {}
                            }
                        ],
                        "outputs": [
                            {
                                "referenceName": "Parquet2_Cosmos",
                                "type": "DatasetReference",
                                "parameters": {}
                            }
                        ]
                    }
                ],
                "policy": {
                    "elapsedTimeMetric": {}
                },
                "annotations": [],
                "lastPublishTime": "2023-11-03T21:42:02Z"
            },
            "dependsOn": []
        },
        {
            "name": "[concat(parameters('factoryName'), '/pipeline_for_sql_database')]",
            "type": "Microsoft.DataFactory/factories/pipelines",
            "apiVersion": "2018-06-01",
            "properties": {
                "activities": [
                    {
                        "name": "Data flow1",
                        "type": "ExecuteDataFlow",
                        "state": "Inactive",
                        "onInactiveMarkAs": "Succeeded",
                        "dependsOn": [],
                        "policy": {
                            "timeout": "0.12:00:00",
                            "retry": 0,
                            "retryIntervalInSeconds": 30,
                            "secureOutput": false,
                            "secureInput": false
                        },
                        "userProperties": [],
                        "typeProperties": {
                            "staging": {},
                            "compute": {
                                "coreCount": 8,
                                "computeType": "General"
                            },
                            "traceLevel": "Fine"
                        }
                    },
                    {
                        "name": "Copy data1",
                        "type": "Copy",
                        "dependsOn": [],
                        "policy": {
                            "timeout": "0.12:00:00",
                            "retry": 0,
                            "retryIntervalInSeconds": 30,
                            "secureOutput": false,
                            "secureInput": false
                        },
                        "userProperties": [],
                        "typeProperties": {
                            "source": {
                                "type": "AzureSqlSource",
                                "queryTimeout": "02:00:00",
                                "partitionOption": "None"
                            },
                            "sink": {
                                "type": "ParquetSink",
                                "storeSettings": {
                                    "type": "AzureBlobFSWriteSettings"
                                },
                                "formatSettings": {
                                    "type": "ParquetWriteSettings"
                                }
                            },
                            "enableStaging": false,
                            "translator": {
                                "type": "TabularTranslator",
                                "typeConversion": true,
                                "typeConversionSettings": {
                                    "allowDataTruncation": true,
                                    "treatBooleanAsNumber": false
                                }
                            }
                        },
                        "inputs": [
                            {
                                "referenceName": "AzureSqlTable1_Country",
                                "type": "DatasetReference",
                                "parameters": {}
                            }
                        ],
                        "outputs": [
                            {
                                "referenceName": "Parquet2_SQL_Country",
                                "type": "DatasetReference",
                                "parameters": {}
                            }
                        ]
                    },
                    {
                        "name": "Copy data2",
                        "type": "Copy",
                        "dependsOn": [],
                        "policy": {
                            "timeout": "0.12:00:00",
                            "retry": 0,
                            "retryIntervalInSeconds": 30,
                            "secureOutput": false,
                            "secureInput": false
                        },
                        "userProperties": [],
                        "typeProperties": {
                            "source": {
                                "type": "AzureSqlSource",
                                "queryTimeout": "02:00:00",
                                "partitionOption": "None"
                            },
                            "sink": {
                                "type": "ParquetSink",
                                "storeSettings": {
                                    "type": "AzureBlobFSWriteSettings"
                                },
                                "formatSettings": {
                                    "type": "ParquetWriteSettings"
                                }
                            },
                            "enableStaging": false,
                            "translator": {
                                "type": "TabularTranslator",
                                "typeConversion": true,
                                "typeConversionSettings": {
                                    "allowDataTruncation": true,
                                    "treatBooleanAsNumber": false
                                }
                            }
                        },
                        "inputs": [
                            {
                                "referenceName": "AzureSqlTable1_Dates",
                                "type": "DatasetReference",
                                "parameters": {}
                            }
                        ],
                        "outputs": [
                            {
                                "referenceName": "Parquet2_SQL_Dates",
                                "type": "DatasetReference",
                                "parameters": {}
                            }
                        ]
                    },
                    {
                        "name": "Copy data3",
                        "type": "Copy",
                        "dependsOn": [],
                        "policy": {
                            "timeout": "0.12:00:00",
                            "retry": 0,
                            "retryIntervalInSeconds": 30,
                            "secureOutput": false,
                            "secureInput": false
                        },
                        "userProperties": [],
                        "typeProperties": {
                            "source": {
                                "type": "AzureSqlSource",
                                "queryTimeout": "02:00:00",
                                "partitionOption": "None"
                            },
                            "sink": {
                                "type": "ParquetSink",
                                "storeSettings": {
                                    "type": "AzureBlobFSWriteSettings"
                                },
                                "formatSettings": {
                                    "type": "ParquetWriteSettings"
                                }
                            },
                            "enableStaging": false,
                            "translator": {
                                "type": "TabularTranslator",
                                "typeConversion": true,
                                "typeConversionSettings": {
                                    "allowDataTruncation": true,
                                    "treatBooleanAsNumber": false
                                }
                            }
                        },
                        "inputs": [
                            {
                                "referenceName": "AzureSqlTable_Metrics",
                                "type": "DatasetReference",
                                "parameters": {}
                            }
                        ],
                        "outputs": [
                            {
                                "referenceName": "Parquet2_SQL_Metrics",
                                "type": "DatasetReference",
                                "parameters": {}
                            }
                        ]
                    }
                ],
                "policy": {
                    "elapsedTimeMetric": {}
                },
                "annotations": [],
                "lastPublishTime": "2023-11-10T20:05:31Z"
            },
            "dependsOn": [
                "[concat(variables('factoryId'), '/datasets/Parquet2_SQL_Dates')]",
                "[concat(variables('factoryId'), '/datasets/Parquet2_SQL_Metrics')]"
            ]
        },
        {
            "name": "[concat(parameters('factoryName'), '/SqlServerTable1')]",
            "type": "Microsoft.DataFactory/factories/datasets",
            "apiVersion": "2018-06-01",
            "properties": {
                "linkedServiceName": {
                    "referenceName": "SqlServer1",
                    "type": "LinkedServiceReference"
                },
                "annotations": [],
                "type": "SqlServerTable",
                "schema": [
                    {
                        "name": "Country",
                        "type": "varchar"
                    },
                    {
                        "name": "CountryCode",
                        "type": "varchar"
                    },
                    {
                        "name": "Latitude",
                        "type": "decimal",
                        "precision": 10,
                        "scale": 5
                    },
                    {
                        "name": "Longitude",
                        "type": "decimal",
                        "precision": 10,
                        "scale": 5
                    }
                ],
                "typeProperties": {
                    "schema": "dbo",
                    "table": "Country"
                }
            },
            "dependsOn": [
                "[concat(variables('factoryId'), '/linkedServices/SqlServer1')]"
            ]
        },
        {
            "name": "[concat(parameters('factoryName'), '/SqlServerTable2')]",
            "type": "Microsoft.DataFactory/factories/datasets",
            "apiVersion": "2018-06-01",
            "properties": {
                "linkedServiceName": {
                    "referenceName": "SqlServer1",
                    "type": "LinkedServiceReference"
                },
                "annotations": [],
                "type": "SqlServerTable",
                "schema": [
                    {
                        "name": "DateKey",
                        "type": "int",
                        "precision": 10
                    },
                    {
                        "name": "FullDate",
                        "type": "date"
                    },
                    {
                        "name": "isWeekDay",
                        "type": "bit"
                    },
                    {
                        "name": "DayOfWeek",
                        "type": "int",
                        "precision": 10
                    },
                    {
                        "name": "DayOfMonth",
                        "type": "int",
                        "precision": 10
                    },
                    {
                        "name": "DayOfQuarter",
                        "type": "int",
                        "precision": 10
                    },
                    {
                        "name": "DayOfYear",
                        "type": "int",
                        "precision": 10
                    },
                    {
                        "name": "DayName",
                        "type": "varchar"
                    },
                    {
                        "name": "WeekOfYear",
                        "type": "int",
                        "precision": 10
                    },
                    {
                        "name": "WeekName",
                        "type": "varchar"
                    },
                    {
                        "name": "MonthOfYear",
                        "type": "int",
                        "precision": 10
                    },
                    {
                        "name": "MonthName",
                        "type": "varchar"
                    },
                    {
                        "name": "CalendarQuarter",
                        "type": "int",
                        "precision": 10
                    },
                    {
                        "name": "CalendarQuarterName",
                        "type": "varchar"
                    },
                    {
                        "name": "CalendarYear",
                        "type": "int",
                        "precision": 10
                    },
                    {
                        "name": "FiscalMonth",
                        "type": "int",
                        "precision": 10
                    },
                    {
                        "name": "FiscalMonthName",
                        "type": "varchar"
                    },
                    {
                        "name": "FiscalQuarter",
                        "type": "int",
                        "precision": 10
                    },
                    {
                        "name": "FiscalQuarterName",
                        "type": "varchar"
                    },
                    {
                        "name": "FiscalYear",
                        "type": "int",
                        "precision": 10
                    }
                ],
                "typeProperties": {
                    "schema": "dbo",
                    "table": "Dates"
                }
            },
            "dependsOn": [
                "[concat(variables('factoryId'), '/linkedServices/SqlServer1')]"
            ]
        },
        {
            "name": "[concat(parameters('factoryName'), '/SqlServerTable3')]",
            "type": "Microsoft.DataFactory/factories/datasets",
            "apiVersion": "2018-06-01",
            "properties": {
                "linkedServiceName": {
                    "referenceName": "SqlServer1",
                    "type": "LinkedServiceReference"
                },
                "annotations": [],
                "type": "SqlServerTable",
                "schema": [
                    {
                        "name": "ID",
                        "type": "int",
                        "precision": 10
                    },
                    {
                        "name": "Updated",
                        "type": "date"
                    },
                    {
                        "name": "Confirmed",
                        "type": "int",
                        "precision": 10
                    },
                    {
                        "name": "Confirmed_Change",
                        "type": "int",
                        "precision": 10
                    },
                    {
                        "name": "Deaths",
                        "type": "int",
                        "precision": 10
                    },
                    {
                        "name": "Deaths_Change",
                        "type": "int",
                        "precision": 10
                    },
                    {
                        "name": "Recovered",
                        "type": "int",
                        "precision": 10
                    },
                    {
                        "name": "Recovered_Change",
                        "type": "int",
                        "precision": 10
                    },
                    {
                        "name": "Latitude",
                        "type": "decimal",
                        "precision": 10,
                        "scale": 5
                    },
                    {
                        "name": "Longitude",
                        "type": "decimal",
                        "precision": 10,
                        "scale": 5
                    },
                    {
                        "name": "ISO2",
                        "type": "varchar"
                    },
                    {
                        "name": "ISO3",
                        "type": "varchar"
                    },
                    {
                        "name": "Country_Region",
                        "type": "varchar"
                    },
                    {
                        "name": "load_time",
                        "type": "datetime",
                        "precision": 23,
                        "scale": 3
                    }
                ],
                "typeProperties": {
                    "schema": "dbo",
                    "table": "Covid19_Metrics"
                }
            },
            "dependsOn": [
                "[concat(variables('factoryId'), '/linkedServices/SqlServer1')]"
            ]
        },
        {
            "name": "[concat(parameters('factoryName'), '/CasesFlow')]",
            "type": "Microsoft.DataFactory/factories/dataflows",
            "apiVersion": "2018-06-01",
            "properties": {
                "type": "MappingDataFlow",
                "typeProperties": {
                    "sources": [
                        {
                            "dataset": {
                                "referenceName": "metricVM",
                                "type": "DatasetReference"
                            },
                            "name": "casesfromvm"
                        },
                        {
                            "dataset": {
                                "referenceName": "Parquet2_SQL_Metrics",
                                "type": "DatasetReference"
                            },
                            "name": "casesfromsql"
                        }
                    ],
                    "sinks": [
                        {
                            "dataset": {
                                "referenceName": "challenge2cases",
                                "type": "DatasetReference"
                            },
                            "name": "casessink"
                        }
                    ],
                    "transformations": [
                        {
                            "name": "union1"
                        },
                        {
                            "name": "select1"
                        }
                    ],
                    "scriptLines": [
                        "source(output(",
                        "          ID as integer,",
                        "          Updated as date,",
                        "          Confirmed as integer,",
                        "          Confirmed_Change as integer,",
                        "          Deaths as integer,",
                        "          Deaths_Change as integer,",
                        "          Recovered as integer,",
                        "          Recovered_Change as integer,",
                        "          Latitude as decimal(10,5),",
                        "          Longitude as decimal(10,5),",
                        "          ISO2 as string,",
                        "          ISO3 as string,",
                        "          Country_Region as string,",
                        "          load_time as timestamp",
                        "     ),",
                        "     allowSchemaDrift: true,",
                        "     validateSchema: false,",
                        "     ignoreNoFilesFound: false,",
                        "     format: 'parquet') ~> casesfromvm",
                        "source(output(",
                        "          ID as integer,",
                        "          Updated as date,",
                        "          Confirmed as integer,",
                        "          Confirmed_Change as integer,",
                        "          Deaths as integer,",
                        "          Deaths_Change as integer,",
                        "          Recovered as integer,",
                        "          Recovered_Change as integer,",
                        "          Latitude as decimal(10,5),",
                        "          Longitude as decimal(10,5),",
                        "          ISO2 as string,",
                        "          ISO3 as string,",
                        "          Country_Region as string,",
                        "          load_time as timestamp",
                        "     ),",
                        "     allowSchemaDrift: true,",
                        "     validateSchema: false,",
                        "     ignoreNoFilesFound: false,",
                        "     format: 'parquet') ~> casesfromsql",
                        "casesfromvm, casesfromsql union(byName: true)~> union1",
                        "union1 select(mapColumn(",
                        "          ID,",
                        "          Updated,",
                        "          Confirmed,",
                        "          Confirmed_Change,",
                        "          Latitude,",
                        "          Longitude,",
                        "          Country_Region,",
                        "          load_time",
                        "     ),",
                        "     skipDuplicateMapInputs: true,",
                        "     skipDuplicateMapOutputs: true) ~> select1",
                        "select1 sink(allowSchemaDrift: true,",
                        "     validateSchema: false,",
                        "     format: 'parquet',",
                        "     partitionFileNames:['challenge2cases.parquet'],",
                        "     umask: 0022,",
                        "     preCommands: [],",
                        "     postCommands: [],",
                        "     skipDuplicateMapInputs: true,",
                        "     skipDuplicateMapOutputs: true,",
                        "     partitionBy('hash', 1)) ~> casessink"
                    ]
                }
            },
            "dependsOn": [
                "[concat(variables('factoryId'), '/datasets/metricVM')]",
                "[concat(variables('factoryId'), '/datasets/Parquet2_SQL_Metrics')]",
                "[concat(variables('factoryId'), '/datasets/challenge2cases')]"
            ]
        }
    ]
}