{
    "$schema": "http://schema.management.azure.com/schemas/2015-01-01/deploymentTemplate.json#",
    "contentVersion": "1.0.0.0",
    "parameters": {
        "factoryName": {
            "type": "string",
            "metadata": "Data Factory name",
            "defaultValue": "team03datafactory"
        },
        "AzureBlobStorage1_connectionString": {
            "type": "secureString",
            "metadata": "Secure string for 'connectionString' of 'AzureBlobStorage1'"
        },
        "AzureDataLakeStorage1_accountKey": {
            "type": "secureString",
            "metadata": "Secure string for 'accountKey' of 'AzureDataLakeStorage1'"
        },
        "AzureDataLakeStorage2_accountKey": {
            "type": "secureString",
            "metadata": "Secure string for 'accountKey' of 'AzureDataLakeStorage2'"
        },
        "AzureSqlDatabase1_connectionString": {
            "type": "secureString",
            "metadata": "Secure string for 'connectionString' of 'AzureSqlDatabase1'"
        },
        "CosmosDbNoSql1_connectionString": {
            "type": "secureString",
            "metadata": "Secure string for 'connectionString' of 'CosmosDbNoSql1'"
        },
        "SqlServer1_connectionString": {
            "type": "secureString",
            "metadata": "Secure string for 'connectionString' of 'SqlServer1'"
        },
        "covid19-synapse-3imruebamuu7q-WorkspaceDefaultSqlServer_connectionString": {
            "type": "secureString",
            "metadata": "Secure string for 'connectionString' of 'covid19-synapse-3imruebamuu7q-WorkspaceDefaultSqlServer'",
            "defaultValue": "Integrated Security=False;Encrypt=True;Connection Timeout=30;Data Source=tcp:covid19-synapse-3imruebamuu7q.sql.azuresynapse.net,1433;Initial Catalog=@{linkedService().DBName}"
        },
        "covidmetricsblob_connectionString": {
            "type": "secureString",
            "metadata": "Secure string for 'connectionString' of 'covidmetricsblob'"
        },
        "team03covidmetrics_accountKey": {
            "type": "secureString",
            "metadata": "Secure string for 'accountKey' of 'team03covidmetrics'"
        },
        "AzureDataLakeStorage1_properties_typeProperties_url": {
            "type": "string",
            "defaultValue": "https://team3coviddatastorage.dfs.core.windows.net/"
        },
        "AzureDataLakeStorage2_properties_typeProperties_url": {
            "type": "string",
            "defaultValue": "https://team3coviddatastorage.dfs.core.windows.net/"
        },
        "covid19-synapse-3imruebamuu7q-WorkspaceDefaultStorage_properties_typeProperties_url": {
            "type": "string",
            "defaultValue": "https://covid193imruebamuu7q.dfs.core.windows.net"
        },
        "team03covidmetrics_properties_typeProperties_url": {
            "type": "string",
            "defaultValue": "https://team3coviddatastorage.dfs.core.windows.net/"
        },
        "containerUri": {
            "type": "string",
            "metadata": "URI to storage account containing linked ARM templates"
        },
        "containerSasToken": {
            "type": "string",
            "metadata": "Sas token to storage account containing linked ARM templates"
        }
    },
    "variables": {
        "factoryId": "[concat('Microsoft.DataFactory/factories/', parameters('factoryName'))]"
    },
    "resources": [
        {
            "name": "team03datafactory_ArmTemplate_0",
            "type": "Microsoft.Resources/deployments",
            "apiVersion": "2018-02-01",
            "properties": {
                "mode": "incremental",
                "templateLink": {
                    "uri": "[concat(parameters('containerUri'), '/ArmTemplate_0.json', parameters('containerSasToken'))]",
                    "contentVersion": "1.0.0.0"
                },
                "parameters": {
                    "factoryName": {
                        "value": "[parameters('factoryName')]"
                    },
                    "AzureBlobStorage1_connectionString": {
                        "value": "[parameters('AzureBlobStorage1_connectionString')]"
                    },
                    "AzureDataLakeStorage1_accountKey": {
                        "value": "[parameters('AzureDataLakeStorage1_accountKey')]"
                    },
                    "AzureDataLakeStorage2_accountKey": {
                        "value": "[parameters('AzureDataLakeStorage2_accountKey')]"
                    },
                    "AzureSqlDatabase1_connectionString": {
                        "value": "[parameters('AzureSqlDatabase1_connectionString')]"
                    },
                    "CosmosDbNoSql1_connectionString": {
                        "value": "[parameters('CosmosDbNoSql1_connectionString')]"
                    },
                    "covidmetricsblob_connectionString": {
                        "value": "[parameters('covidmetricsblob_connectionString')]"
                    },
                    "AzureDataLakeStorage1_properties_typeProperties_url": {
                        "value": "[parameters('AzureDataLakeStorage1_properties_typeProperties_url')]"
                    },
                    "AzureDataLakeStorage2_properties_typeProperties_url": {
                        "value": "[parameters('AzureDataLakeStorage2_properties_typeProperties_url')]"
                    }
                }
            },
            "dependsOn": []
        },
        {
            "name": "team03datafactory_ArmTemplate_1",
            "type": "Microsoft.Resources/deployments",
            "apiVersion": "2018-02-01",
            "properties": {
                "mode": "incremental",
                "templateLink": {
                    "uri": "[concat(parameters('containerUri'), '/ArmTemplate_1.json', parameters('containerSasToken'))]",
                    "contentVersion": "1.0.0.0"
                },
                "parameters": {
                    "factoryName": {
                        "value": "[parameters('factoryName')]"
                    },
                    "SqlServer1_connectionString": {
                        "value": "[parameters('SqlServer1_connectionString')]"
                    },
                    "covid19-synapse-3imruebamuu7q-WorkspaceDefaultSqlServer_connectionString": {
                        "value": "[parameters('covid19-synapse-3imruebamuu7q-WorkspaceDefaultSqlServer_connectionString')]"
                    },
                    "team03covidmetrics_accountKey": {
                        "value": "[parameters('team03covidmetrics_accountKey')]"
                    },
                    "covid19-synapse-3imruebamuu7q-WorkspaceDefaultStorage_properties_typeProperties_url": {
                        "value": "[parameters('covid19-synapse-3imruebamuu7q-WorkspaceDefaultStorage_properties_typeProperties_url')]"
                    },
                    "team03covidmetrics_properties_typeProperties_url": {
                        "value": "[parameters('team03covidmetrics_properties_typeProperties_url')]"
                    }
                }
            },
            "dependsOn": [
                "[resourceId('Microsoft.Resources/deployments', 'team03datafactory_ArmTemplate_0')]"
            ]
        },
        {
            "name": "team03datafactory_ArmTemplate_2",
            "type": "Microsoft.Resources/deployments",
            "apiVersion": "2018-02-01",
            "properties": {
                "mode": "incremental",
                "templateLink": {
                    "uri": "[concat(parameters('containerUri'), '/ArmTemplate_2.json', parameters('containerSasToken'))]",
                    "contentVersion": "1.0.0.0"
                },
                "parameters": {
                    "factoryName": {
                        "value": "[parameters('factoryName')]"
                    }
                }
            },
            "dependsOn": [
                "[resourceId('Microsoft.Resources/deployments', 'team03datafactory_ArmTemplate_1')]"
            ]
        }
    ]
}