{
    "$schema": "http://schema.management.azure.com/schemas/2015-01-01/deploymentTemplate.json#",
    "contentVersion": "1.0.0.0",
    "parameters": {
        "factoryName": {
            "type": "string",
            "metadata": "Data Factory name",
            "defaultValue": "team03datafactory"
        }
    },
    "variables": {
        "factoryId": "[concat('Microsoft.DataFactory/factories/', parameters('factoryName'))]"
    },
    "resources": [
        {
            "name": "[concat(parameters('factoryName'), '/DatesFlow')]",
            "type": "Microsoft.DataFactory/factories/dataflows",
            "apiVersion": "2018-06-01",
            "properties": {
                "type": "MappingDataFlow",
                "typeProperties": {
                    "sources": [
                        {
                            "dataset": {
                                "referenceName": "Parquet2_SQL_Dates",
                                "type": "DatasetReference"
                            },
                            "name": "datesfromsql"
                        }
                    ],
                    "sinks": [
                        {
                            "dataset": {
                                "referenceName": "challenge2dates",
                                "type": "DatasetReference"
                            },
                            "name": "sink1"
                        }
                    ],
                    "transformations": [
                        {
                            "name": "select1"
                        }
                    ],
                    "scriptLines": [
                        "source(output(",
                        "          DateKey as integer,",
                        "          FullDate as date,",
                        "          isWeekDay as boolean,",
                        "          DayOfWeek as integer,",
                        "          DayOfMonth as integer,",
                        "          DayOfQuarter as integer,",
                        "          DayOfYear as integer,",
                        "          DayName as string,",
                        "          WeekOfYear as integer,",
                        "          WeekName as string,",
                        "          MonthOfYear as integer,",
                        "          MonthName as string,",
                        "          CalendarQuarter as integer,",
                        "          CalendarQuarterName as string,",
                        "          CalendarYear as integer,",
                        "          FiscalMonth as integer,",
                        "          FiscalMonthName as string,",
                        "          FiscalQuarter as integer,",
                        "          FiscalQuarterName as string,",
                        "          FiscalYear as integer",
                        "     ),",
                        "     allowSchemaDrift: true,",
                        "     validateSchema: false,",
                        "     ignoreNoFilesFound: false,",
                        "     format: 'parquet') ~> datesfromsql",
                        "datesfromsql select(mapColumn(",
                        "          DateKey,",
                        "          FullDate,",
                        "          isWeekDay,",
                        "          DayOfWeek,",
                        "          DayOfMonth,",
                        "          DayOfQuarter,",
                        "          DayOfYear,",
                        "          DayName,",
                        "          WeekOfYear,",
                        "          WeekName,",
                        "          MonthOfYear,",
                        "          MonthName,",
                        "          CalendarQuarter,",
                        "          CalendarQuarterName,",
                        "          CalendarYear,",
                        "          FiscalMonth,",
                        "          FiscalMonthName,",
                        "          FiscalQuarter,",
                        "          FiscalQuarterName,",
                        "          FiscalYear",
                        "     ),",
                        "     skipDuplicateMapInputs: true,",
                        "     skipDuplicateMapOutputs: true) ~> select1",
                        "select1 sink(allowSchemaDrift: true,",
                        "     validateSchema: false,",
                        "     format: 'parquet',",
                        "     partitionFileNames:['challenge2dates.parquet'],",
                        "     umask: 0022,",
                        "     preCommands: [],",
                        "     postCommands: [],",
                        "     skipDuplicateMapInputs: true,",
                        "     skipDuplicateMapOutputs: true,",
                        "     partitionBy('hash', 1)) ~> sink1"
                    ]
                }
            },
            "dependsOn": []
        },
        {
            "name": "[concat(parameters('factoryName'), '/DeathsFlow')]",
            "type": "Microsoft.DataFactory/factories/dataflows",
            "apiVersion": "2018-06-01",
            "properties": {
                "type": "MappingDataFlow",
                "typeProperties": {
                    "sources": [
                        {
                            "dataset": {
                                "referenceName": "metricVM",
                                "type": "DatasetReference"
                            },
                            "name": "deathfromvm"
                        },
                        {
                            "dataset": {
                                "referenceName": "Parquet2_SQL_Metrics",
                                "type": "DatasetReference"
                            },
                            "name": "deathfromsql"
                        }
                    ],
                    "sinks": [
                        {
                            "dataset": {
                                "referenceName": "challenge2deaths",
                                "type": "DatasetReference"
                            },
                            "name": "challenege2deathsink"
                        }
                    ],
                    "transformations": [
                        {
                            "name": "union1"
                        },
                        {
                            "name": "select1"
                        }
                    ],
                    "scriptLines": [
                        "source(output(",
                        "          ID as integer,",
                        "          Updated as date,",
                        "          Confirmed as integer,",
                        "          Confirmed_Change as integer,",
                        "          Deaths as integer,",
                        "          Deaths_Change as integer,",
                        "          Recovered as integer,",
                        "          Recovered_Change as integer,",
                        "          Latitude as decimal(10,5),",
                        "          Longitude as decimal(10,5),",
                        "          ISO2 as string,",
                        "          ISO3 as string,",
                        "          Country_Region as string,",
                        "          load_time as timestamp",
                        "     ),",
                        "     allowSchemaDrift: true,",
                        "     validateSchema: false,",
                        "     ignoreNoFilesFound: false,",
                        "     format: 'parquet') ~> deathfromvm",
                        "source(output(",
                        "          ID as integer,",
                        "          Updated as date,",
                        "          Confirmed as integer,",
                        "          Confirmed_Change as integer,",
                        "          Deaths as integer,",
                        "          Deaths_Change as integer,",
                        "          Recovered as integer,",
                        "          Recovered_Change as integer,",
                        "          Latitude as decimal(10,5),",
                        "          Longitude as decimal(10,5),",
                        "          ISO2 as string,",
                        "          ISO3 as string,",
                        "          Country_Region as string,",
                        "          load_time as timestamp",
                        "     ),",
                        "     allowSchemaDrift: true,",
                        "     validateSchema: false,",
                        "     ignoreNoFilesFound: false,",
                        "     format: 'parquet') ~> deathfromsql",
                        "deathfromvm, deathfromsql union(byName: true)~> union1",
                        "union1 select(mapColumn(",
                        "          ID,",
                        "          Updated,",
                        "          Deaths,",
                        "          Deaths_Change,",
                        "          Latitude,",
                        "          Longitude,",
                        "          Country_Region,",
                        "          load_time",
                        "     ),",
                        "     skipDuplicateMapInputs: true,",
                        "     skipDuplicateMapOutputs: true) ~> select1",
                        "select1 sink(allowSchemaDrift: true,",
                        "     validateSchema: false,",
                        "     format: 'parquet',",
                        "     partitionFileNames:['challenge2deaths.parquet'],",
                        "     umask: 0022,",
                        "     preCommands: [],",
                        "     postCommands: [],",
                        "     skipDuplicateMapInputs: true,",
                        "     skipDuplicateMapOutputs: true,",
                        "     partitionBy('hash', 1)) ~> challenege2deathsink"
                    ]
                }
            },
            "dependsOn": []
        },
        {
            "name": "[concat(parameters('factoryName'), '/GeoFlow')]",
            "type": "Microsoft.DataFactory/factories/dataflows",
            "apiVersion": "2018-06-01",
            "properties": {
                "type": "MappingDataFlow",
                "typeProperties": {
                    "sources": [
                        {
                            "dataset": {
                                "referenceName": "Parquet2_SQL_Country",
                                "type": "DatasetReference"
                            },
                            "name": "geographyfromsql"
                        }
                    ],
                    "sinks": [
                        {
                            "dataset": {
                                "referenceName": "challenge2geogarphy",
                                "type": "DatasetReference"
                            },
                            "name": "geosink"
                        }
                    ],
                    "transformations": [
                        {
                            "name": "select1"
                        }
                    ],
                    "scriptLines": [
                        "source(output(",
                        "          Country as string,",
                        "          CountryCode as string,",
                        "          Latitude as decimal(10,5),",
                        "          Longitude as decimal(10,5)",
                        "     ),",
                        "     allowSchemaDrift: true,",
                        "     validateSchema: false,",
                        "     ignoreNoFilesFound: false,",
                        "     format: 'parquet') ~> geographyfromsql",
                        "geographyfromsql select(mapColumn(",
                        "          Country,",
                        "          CountryCode,",
                        "          Latitude,",
                        "          Longitude",
                        "     ),",
                        "     skipDuplicateMapInputs: true,",
                        "     skipDuplicateMapOutputs: true) ~> select1",
                        "select1 sink(allowSchemaDrift: true,",
                        "     validateSchema: false,",
                        "     format: 'parquet',",
                        "     partitionFileNames:['challenge2geo.parquet'],",
                        "     umask: 0022,",
                        "     preCommands: [],",
                        "     postCommands: [],",
                        "     skipDuplicateMapInputs: true,",
                        "     skipDuplicateMapOutputs: true,",
                        "     partitionBy('hash', 1)) ~> geosink"
                    ]
                }
            },
            "dependsOn": []
        },
        {
            "name": "[concat(parameters('factoryName'), '/PolicyFlow')]",
            "type": "Microsoft.DataFactory/factories/dataflows",
            "apiVersion": "2018-06-01",
            "properties": {
                "type": "MappingDataFlow",
                "typeProperties": {
                    "sources": [
                        {
                            "dataset": {
                                "referenceName": "Parquet2_Cosmos",
                                "type": "DatasetReference"
                            },
                            "name": "PolicyFlow"
                        }
                    ],
                    "sinks": [
                        {
                            "dataset": {
                                "referenceName": "Challenge2PolicySink",
                                "type": "DatasetReference"
                            },
                            "name": "sinkpolicy"
                        }
                    ],
                    "transformations": [
                        {
                            "name": "Mapper"
                        },
                        {
                            "name": "datechange"
                        },
                        {
                            "name": "slicer"
                        },
                        {
                            "name": "removedash"
                        }
                    ],
                    "scriptLines": [
                        "source(output(",
                        "          CountryName as string,",
                        "          CountryCode as string,",
                        "          RegionName as string,",
                        "          RegionCode as string,",
                        "          Jurisdiction as string,",
                        "          Date as string,",
                        "          C1_School_closing as double,",
                        "          C1_Flag as boolean,",
                        "          C2_Workplace_closing as double,",
                        "          C2_Flag as boolean,",
                        "          C3_Cancel_public_events as double,",
                        "          C3_Flag as boolean,",
                        "          C4_Restrictions_on_gatherings as double,",
                        "          C4_Flag as boolean,",
                        "          C5_Close_public_transport as double,",
                        "          C5_Flag as boolean,",
                        "          C6_Stay_at_home_requirements as double,",
                        "          C6_Flag as boolean,",
                        "          C7_Restrictions_on_internal_movement as double,",
                        "          C7_Flag as boolean,",
                        "          C8_International_travel_controls as double,",
                        "          E1_Income_support as double,",
                        "          E1_Flag as boolean,",
                        "          E2_Debt_contract_relief as double,",
                        "          E3_Fiscal_measures as double,",
                        "          E4_International_support as double,",
                        "          H1_Public_information_campaigns as double,",
                        "          H1_Flag as boolean,",
                        "          H2_Testing_policy as double,",
                        "          H3_Contact_tracing as double,",
                        "          H4_Emergency_investment_in_healthcare as double,",
                        "          H5_Investment_in_vaccines as double,",
                        "          H6_Facial_Coverings as double,",
                        "          H6_Flag as boolean,",
                        "          H7_Vaccination_policy as double,",
                        "          H7_Flag as boolean,",
                        "          H8_Protection_of_elderly_people as double,",
                        "          H8_Flag as boolean,",
                        "          M1_Wildcard as double,",
                        "          StringencyIndex as double,",
                        "          StringencyIndexForDisplay as double,",
                        "          StringencyLegacyIndex as double,",
                        "          StringencyLegacyIndexForDisplay as double,",
                        "          GovernmentResponseIndex as double,",
                        "          GovernmentResponseIndexForDisplay as double,",
                        "          ContainmentHealthIndex as double,",
                        "          ContainmentHealthIndexForDisplay as double,",
                        "          EconomicSupportIndex as double,",
                        "          EconomicSupportIndexForDisplay as double,",
                        "          id as string,",
                        "          rid as string,",
                        "          self as string,",
                        "          etag as string,",
                        "          attachments as string,",
                        "          ts as long",
                        "     ),",
                        "     allowSchemaDrift: true,",
                        "     validateSchema: false,",
                        "     ignoreNoFilesFound: false,",
                        "     format: 'parquet') ~> PolicyFlow",
                        "removedash select(mapColumn(",
                        "          each(match(/* All input columns */true()),",
                        "               /* Input name */$$ = $$)",
                        "     ),",
                        "     skipDuplicateMapInputs: true,",
                        "     skipDuplicateMapOutputs: true) ~> Mapper",
                        "PolicyFlow cast(output(",
                        "          Date as string",
                        "     ),",
                        "     errors: true) ~> datechange",
                        "datechange derive(each(match(name==\"Date\"), \"New_Date\" = substring($$,0,10))) ~> slicer",
                        "slicer derive(each(match(name==\"New_Date\"), \"Final_Date\" = replace(New_Date, \"-\", \"\"))) ~> removedash",
                        "Mapper sink(allowSchemaDrift: true,",
                        "     validateSchema: false,",
                        "     format: 'parquet',",
                        "     partitionFileNames:['challenge2policies.parquet'],",
                        "     umask: 0022,",
                        "     preCommands: [],",
                        "     postCommands: [],",
                        "     skipDuplicateMapInputs: true,",
                        "     skipDuplicateMapOutputs: true,",
                        "     partitionBy('hash', 1)) ~> sinkpolicy"
                    ]
                }
            },
            "dependsOn": []
        },
        {
            "name": "[concat(parameters('factoryName'), '/RecoveriesFlow')]",
            "type": "Microsoft.DataFactory/factories/dataflows",
            "apiVersion": "2018-06-01",
            "properties": {
                "type": "MappingDataFlow",
                "typeProperties": {
                    "sources": [
                        {
                            "dataset": {
                                "referenceName": "metricVM",
                                "type": "DatasetReference"
                            },
                            "name": "recoveriesfromvm"
                        },
                        {
                            "dataset": {
                                "referenceName": "Parquet2_SQL_Metrics",
                                "type": "DatasetReference"
                            },
                            "name": "recoveriesfromsql"
                        }
                    ],
                    "sinks": [
                        {
                            "dataset": {
                                "referenceName": "challenge2recoveries",
                                "type": "DatasetReference"
                            },
                            "name": "recoveriessink"
                        }
                    ],
                    "transformations": [
                        {
                            "name": "union1"
                        },
                        {
                            "name": "select1"
                        }
                    ],
                    "scriptLines": [
                        "source(output(",
                        "          ID as integer,",
                        "          Updated as date,",
                        "          Confirmed as integer,",
                        "          Confirmed_Change as integer,",
                        "          Deaths as integer,",
                        "          Deaths_Change as integer,",
                        "          Recovered as integer,",
                        "          Recovered_Change as integer,",
                        "          Latitude as decimal(10,5),",
                        "          Longitude as decimal(10,5),",
                        "          ISO2 as string,",
                        "          ISO3 as string,",
                        "          Country_Region as string,",
                        "          load_time as timestamp",
                        "     ),",
                        "     allowSchemaDrift: true,",
                        "     validateSchema: false,",
                        "     ignoreNoFilesFound: false,",
                        "     format: 'parquet') ~> recoveriesfromvm",
                        "source(output(",
                        "          ID as integer,",
                        "          Updated as date,",
                        "          Confirmed as integer,",
                        "          Confirmed_Change as integer,",
                        "          Deaths as integer,",
                        "          Deaths_Change as integer,",
                        "          Recovered as integer,",
                        "          Recovered_Change as integer,",
                        "          Latitude as decimal(10,5),",
                        "          Longitude as decimal(10,5),",
                        "          ISO2 as string,",
                        "          ISO3 as string,",
                        "          Country_Region as string,",
                        "          load_time as timestamp",
                        "     ),",
                        "     allowSchemaDrift: true,",
                        "     validateSchema: false,",
                        "     ignoreNoFilesFound: false,",
                        "     format: 'parquet') ~> recoveriesfromsql",
                        "recoveriesfromvm, recoveriesfromsql union(byName: true)~> union1",
                        "union1 select(mapColumn(",
                        "          ID,",
                        "          Updated,",
                        "          Recovered,",
                        "          Recovered_Change,",
                        "          Latitude,",
                        "          Longitude,",
                        "          Country_Region,",
                        "          load_time",
                        "     ),",
                        "     skipDuplicateMapInputs: true,",
                        "     skipDuplicateMapOutputs: true) ~> select1",
                        "select1 sink(allowSchemaDrift: true,",
                        "     validateSchema: false,",
                        "     format: 'parquet',",
                        "     partitionFileNames:['challenge2recoveries.parquet'],",
                        "     umask: 0022,",
                        "     preCommands: [],",
                        "     postCommands: [],",
                        "     skipDuplicateMapInputs: true,",
                        "     skipDuplicateMapOutputs: true,",
                        "     partitionBy('hash', 1)) ~> recoveriessink"
                    ]
                }
            },
            "dependsOn": []
        },
        {
            "name": "[concat(parameters('factoryName'), '/dataflow_pipeline')]",
            "type": "Microsoft.DataFactory/factories/pipelines",
            "apiVersion": "2018-06-01",
            "properties": {
                "activities": [
                    {
                        "name": "deaths_flow_pipe",
                        "type": "ExecuteDataFlow",
                        "dependsOn": [],
                        "policy": {
                            "timeout": "0.12:00:00",
                            "retry": 0,
                            "retryIntervalInSeconds": 30,
                            "secureOutput": false,
                            "secureInput": false
                        },
                        "userProperties": [],
                        "typeProperties": {
                            "dataflow": {
                                "referenceName": "DeathsFlow",
                                "type": "DataFlowReference",
                                "parameters": {},
                                "datasetParameters": {
                                    "deathfromvm": {},
                                    "deathfromsql": {},
                                    "challenege2deathsink": {}
                                }
                            },
                            "staging": {},
                            "compute": {
                                "coreCount": 8,
                                "computeType": "General"
                            },
                            "traceLevel": "Fine"
                        }
                    },
                    {
                        "name": "policy_flow_pipe",
                        "type": "ExecuteDataFlow",
                        "dependsOn": [],
                        "policy": {
                            "timeout": "0.12:00:00",
                            "retry": 0,
                            "retryIntervalInSeconds": 30,
                            "secureOutput": false,
                            "secureInput": false
                        },
                        "userProperties": [],
                        "typeProperties": {
                            "dataflow": {
                                "referenceName": "PolicyFlow",
                                "type": "DataFlowReference",
                                "parameters": {},
                                "datasetParameters": {
                                    "PolicyFlow": {},
                                    "sinkpolicy": {}
                                }
                            },
                            "staging": {},
                            "compute": {
                                "coreCount": 8,
                                "computeType": "General"
                            },
                            "traceLevel": "Fine"
                        }
                    },
                    {
                        "name": "cases_flow_pipe",
                        "type": "ExecuteDataFlow",
                        "dependsOn": [],
                        "policy": {
                            "timeout": "0.12:00:00",
                            "retry": 0,
                            "retryIntervalInSeconds": 30,
                            "secureOutput": false,
                            "secureInput": false
                        },
                        "userProperties": [],
                        "typeProperties": {
                            "dataflow": {
                                "referenceName": "CasesFlow",
                                "type": "DataFlowReference",
                                "parameters": {},
                                "datasetParameters": {
                                    "casesfromvm": {},
                                    "casesfromsql": {},
                                    "casessink": {}
                                }
                            },
                            "staging": {},
                            "compute": {
                                "coreCount": 8,
                                "computeType": "General"
                            },
                            "traceLevel": "Fine"
                        }
                    },
                    {
                        "name": "recoveries_flow_pipe",
                        "type": "ExecuteDataFlow",
                        "dependsOn": [],
                        "policy": {
                            "timeout": "0.12:00:00",
                            "retry": 0,
                            "retryIntervalInSeconds": 30,
                            "secureOutput": false,
                            "secureInput": false
                        },
                        "userProperties": [],
                        "typeProperties": {
                            "dataflow": {
                                "referenceName": "RecoveriesFlow",
                                "type": "DataFlowReference",
                                "parameters": {},
                                "datasetParameters": {
                                    "recoveriesfromvm": {},
                                    "recoveriesfromsql": {},
                                    "recoveriessink": {}
                                }
                            },
                            "staging": {},
                            "compute": {
                                "coreCount": 8,
                                "computeType": "General"
                            },
                            "traceLevel": "Fine"
                        }
                    },
                    {
                        "name": "dates_flow_pipe",
                        "type": "ExecuteDataFlow",
                        "dependsOn": [],
                        "policy": {
                            "timeout": "0.12:00:00",
                            "retry": 0,
                            "retryIntervalInSeconds": 30,
                            "secureOutput": false,
                            "secureInput": false
                        },
                        "userProperties": [],
                        "typeProperties": {
                            "dataflow": {
                                "referenceName": "DatesFlow",
                                "type": "DataFlowReference",
                                "parameters": {},
                                "datasetParameters": {
                                    "datesfromsql": {},
                                    "sink1": {}
                                }
                            },
                            "staging": {},
                            "compute": {
                                "coreCount": 8,
                                "computeType": "General"
                            },
                            "traceLevel": "Fine"
                        }
                    }
                ],
                "policy": {
                    "elapsedTimeMetric": {}
                },
                "annotations": [],
                "lastPublishTime": "2023-12-07T22:28:27Z"
            },
            "dependsOn": [
                "[concat(variables('factoryId'), '/dataflows/DeathsFlow')]",
                "[concat(variables('factoryId'), '/dataflows/PolicyFlow')]",
                "[concat(variables('factoryId'), '/dataflows/RecoveriesFlow')]",
                "[concat(variables('factoryId'), '/dataflows/DatesFlow')]"
            ]
        },
        {
            "name": "[concat(parameters('factoryName'), '/geopipeline')]",
            "type": "Microsoft.DataFactory/factories/pipelines",
            "apiVersion": "2018-06-01",
            "properties": {
                "activities": [
                    {
                        "name": "GeoFlow",
                        "type": "ExecuteDataFlow",
                        "dependsOn": [],
                        "policy": {
                            "timeout": "0.12:00:00",
                            "retry": 0,
                            "retryIntervalInSeconds": 30,
                            "secureOutput": false,
                            "secureInput": false
                        },
                        "userProperties": [],
                        "typeProperties": {
                            "dataflow": {
                                "referenceName": "GeoFlow",
                                "type": "DataFlowReference",
                                "parameters": {},
                                "datasetParameters": {
                                    "geographyfromsql": {},
                                    "geosink": {}
                                }
                            },
                            "staging": {},
                            "compute": {
                                "coreCount": 8,
                                "computeType": "General"
                            },
                            "traceLevel": "Fine"
                        }
                    }
                ],
                "policy": {
                    "elapsedTimeMetric": {}
                },
                "annotations": [],
                "lastPublishTime": "2023-12-07T22:28:28Z"
            },
            "dependsOn": [
                "[concat(variables('factoryId'), '/dataflows/GeoFlow')]"
            ]
        },
        {
            "name": "[concat(parameters('factoryName'), '/vmsqlserver')]",
            "type": "Microsoft.DataFactory/factories/pipelines",
            "apiVersion": "2018-06-01",
            "properties": {
                "activities": [
                    {
                        "name": "Countrydb",
                        "type": "Copy",
                        "dependsOn": [],
                        "policy": {
                            "timeout": "0.12:00:00",
                            "retry": 0,
                            "retryIntervalInSeconds": 30,
                            "secureOutput": false,
                            "secureInput": false
                        },
                        "userProperties": [],
                        "typeProperties": {
                            "source": {
                                "type": "SqlServerSource",
                                "queryTimeout": "02:00:00",
                                "partitionOption": "None"
                            },
                            "sink": {
                                "type": "ParquetSink",
                                "storeSettings": {
                                    "type": "AzureBlobFSWriteSettings"
                                },
                                "formatSettings": {
                                    "type": "ParquetWriteSettings"
                                }
                            },
                            "enableStaging": false,
                            "translator": {
                                "type": "TabularTranslator",
                                "typeConversion": true,
                                "typeConversionSettings": {
                                    "allowDataTruncation": true,
                                    "treatBooleanAsNumber": false
                                }
                            }
                        },
                        "inputs": [
                            {
                                "referenceName": "SqlServerTable1",
                                "type": "DatasetReference",
                                "parameters": {}
                            }
                        ],
                        "outputs": [
                            {
                                "referenceName": "CountryVM",
                                "type": "DatasetReference",
                                "parameters": {}
                            }
                        ]
                    },
                    {
                        "name": "Datesdb",
                        "type": "Copy",
                        "dependsOn": [],
                        "policy": {
                            "timeout": "0.12:00:00",
                            "retry": 0,
                            "retryIntervalInSeconds": 30,
                            "secureOutput": false,
                            "secureInput": false
                        },
                        "userProperties": [],
                        "typeProperties": {
                            "source": {
                                "type": "SqlServerSource",
                                "queryTimeout": "02:00:00",
                                "partitionOption": "None"
                            },
                            "sink": {
                                "type": "ParquetSink",
                                "storeSettings": {
                                    "type": "AzureBlobFSWriteSettings"
                                },
                                "formatSettings": {
                                    "type": "ParquetWriteSettings"
                                }
                            },
                            "enableStaging": false,
                            "translator": {
                                "type": "TabularTranslator",
                                "typeConversion": true,
                                "typeConversionSettings": {
                                    "allowDataTruncation": true,
                                    "treatBooleanAsNumber": false
                                }
                            }
                        },
                        "inputs": [
                            {
                                "referenceName": "SqlServerTable2",
                                "type": "DatasetReference",
                                "parameters": {}
                            }
                        ],
                        "outputs": [
                            {
                                "referenceName": "VMDatesService",
                                "type": "DatasetReference",
                                "parameters": {}
                            }
                        ]
                    },
                    {
                        "name": "Metricdb",
                        "type": "Copy",
                        "dependsOn": [],
                        "policy": {
                            "timeout": "0.12:00:00",
                            "retry": 0,
                            "retryIntervalInSeconds": 30,
                            "secureOutput": false,
                            "secureInput": false
                        },
                        "userProperties": [],
                        "typeProperties": {
                            "source": {
                                "type": "SqlServerSource",
                                "queryTimeout": "02:00:00",
                                "partitionOption": "None"
                            },
                            "sink": {
                                "type": "ParquetSink",
                                "storeSettings": {
                                    "type": "AzureBlobFSWriteSettings"
                                },
                                "formatSettings": {
                                    "type": "ParquetWriteSettings"
                                }
                            },
                            "enableStaging": false,
                            "translator": {
                                "type": "TabularTranslator",
                                "typeConversion": true,
                                "typeConversionSettings": {
                                    "allowDataTruncation": true,
                                    "treatBooleanAsNumber": false
                                }
                            }
                        },
                        "inputs": [
                            {
                                "referenceName": "SqlServerTable3",
                                "type": "DatasetReference",
                                "parameters": {}
                            }
                        ],
                        "outputs": [
                            {
                                "referenceName": "metricVM",
                                "type": "DatasetReference",
                                "parameters": {}
                            }
                        ]
                    }
                ],
                "policy": {
                    "elapsedTimeMetric": {}
                },
                "annotations": [],
                "lastPublishTime": "2023-11-09T15:16:30Z"
            },
            "dependsOn": []
        }
    ]
}