{
    "$schema": "https://schema.management.azure.com/schemas/2015-01-01/deploymentParameters.json#",
    "contentVersion": "1.0.0.0",
    "parameters": {
        "factoryName": {
            "value": "team03datafactory"
        },
        "AzureBlobStorage1_connectionString": {
            "value": ""
        },
        "AzureDataLakeStorage1_accountKey": {
            "value": ""
        },
        "AzureDataLakeStorage2_accountKey": {
            "value": ""
        },
        "AzureSqlDatabase1_connectionString": {
            "value": ""
        },
        "CosmosDbNoSql1_connectionString": {
            "value": ""
        },
        "SqlServer1_connectionString": {
            "value": ""
        },
        "covid19-synapse-3imruebamuu7q-WorkspaceDefaultSqlServer_connectionString": {
            "value": "Integrated Security=False;Encrypt=True;Connection Timeout=30;Data Source=tcp:covid19-synapse-3imruebamuu7q.sql.azuresynapse.net,1433;Initial Catalog=@{linkedService().DBName}"
        },
        "covidmetricsblob_connectionString": {
            "value": ""
        },
        "team03covidmetrics_accountKey": {
            "value": ""
        },
        "AzureDataLakeStorage1_properties_typeProperties_url": {
            "value": "https://team3coviddatastorage.dfs.core.windows.net/"
        },
        "AzureDataLakeStorage2_properties_typeProperties_url": {
            "value": "https://team3coviddatastorage.dfs.core.windows.net/"
        },
        "covid19-synapse-3imruebamuu7q-WorkspaceDefaultStorage_properties_typeProperties_url": {
            "value": "https://covid193imruebamuu7q.dfs.core.windows.net"
        },
        "team03covidmetrics_properties_typeProperties_url": {
            "value": "https://team3coviddatastorage.dfs.core.windows.net/"
        }
    }
}